{"mean": [0.06695454942119324], "var": [0.003932454437086383]}