{
  "system": {
    "parameter_version": [
      1,
      1,
      1
    ],
    "manip_type": "ZRA0805P",
    "format_version": [
      1,
      3,
      0
    ],
    "n_axes": [
      2
    ],
    "manip_serial": "20120001A",
    "ecat_jct": [
      1,
      "0x00000B41",
      "0x00000020",
      0,
      "0x00000000"
    ]
  },
  "robot": {
    "armio_equipped": [
      0
    ],
    "DH": {
      "beta": [
        0.0,
        0.0,
        0.0,
        0.0,
        0.0,
        0.0
      ],
      "a": [
        0.0,
        490.61601061369259,
        0.0,
        0.0,
        0.0,
        0.0
      ],
      "theta_offset": [
        90.00290931904533,
        90.077700635381532,
        90.051706483522366,
        -0.34636549395007499,
        0.0088815256282134738,
        0.0
      ],
      "alpha": [
        90.0,
        0.0,
        90.0,
        -90.0,
        90.0,
        0.0
      ],
      "d": [
        144.7318802481692,
        0.0,
        -2.6370569134374049e-6,
        369.92552973445402,
        100.00000263705694,
        65.268119751840104
      ]
    },
    "armio_pcode": [
      "0x00000030"
    ],
    "joint_units": {
      "pcode": [
        "0x00000001",
        "0x00000001",
        "0x00000001",
        "0x00000001",
        "0x00000001",
        "0x00000001"
      ],
      "ABS_offset": [
        11520,
        5760,
        6400,
        9600,
        9600,
        5760
      ],
      "home_mask_offset": [
        11520,
        5760,
        6400,
        9600,
        9600,
        5760
      ],
      "initial_offset": [
        0,
        0,
        0,
        0,
        0,
        0
      ],
      "brk_type": [
        2,
        2,
        2,
        1,
        1,
        1
      ],
      "area_limit_L": [
        -240.09999999999999,
        -240.09999999999999,
        -240.09999999999999,
        -240.09999999999999,
        -240.09999999999999,
        -360.10000000000002
      ],
      "enc_type": [
        2,
        2,
        2,
        2,
        2,
        2
      ],
      "vid": [
        "0x00000B41",
        "0x00000B41",
        "0x00000B41",
        "0x00000B41",
        "0x00000B41",
        "0x00000B41"
      ],
      "area_limit_H": [
        240.09999999999999,
        240.09999999999999,
        240.09999999999999,
        240.09999999999999,
        240.09999999999999,
        360.10000000000002
      ],
      "adjust_offset": [
        0,
        -882,
        -92,
        1458,
        139,
        0
      ],
      "max_speed": [
        4500,
        3000,
        3000,
        3000,
        4500,
        4500
      ],
      "rot_dir": [
        1,
        1,
        1,
        1,
        1,
        1
      ],
      "reduction_ratio_D": [
        101,
        1,
        101,
        101,
        101,
        101
      ],
      "ecat_tmctl": [
        15,
        15,
        15,
        15,
        15,
        15
      ],
      "enc_pulse": [
        15360,
        15360,
        15360,
        15360,
        15360,
        15360
      ],
      "reduction_ratio_N": [
        1,
        1,
        1,
        1,
        1,
        1
      ]
    },
    "armio_vid": [
      "0x00000B41"
    ],
    "config": {
      "slave_decel_timing": [
        0
      ],
      "decel_time_val": [
        0.29999999999999999,
        0.29999999999999999,
        0.29999999999999999
      ],
      "decel_time_sel": [
        3,
        3,
        3
      ]
    }
  }
}