{"min": [0.02497500000000008], "max": [0.346989]}